,genes,state,enrichment,pval,pval_corrected,CellIDs,geneState,cluster
41,Hba-a1_Hbb-bt_Hba-a2,111,3.2907442436316536,5.042731009532022e-34,1.5021325049175918e-31,"[157, 171, 201, 217, 220, 326, 384, 424, 463, 464, 467, 507, 559, 565, 599, 687, 733, 746, 752, 771, 778, 789, 797, 827, 903, 917, 923, 975, 1071, 1080, 1087, 1089, 1100, 1115, 1131, 1134, 1169, 1195, 1205, 1206, 1499, 1509, 1546, 1556, 1589, 1698, 1710, 1713, 1721, 1751, 1755, 1854, 1870, 1899, 1976]","['Hba-a1+', 'Hbb-bt+', 'Hba-a2+']",5
37,Neurog2_Ifitm3_Eomes,101,2.156699225328587,1.1010156294693394e-17,1.6398568179841119e-15,"[21, 32, 35, 39, 49, 51, 92, 99, 183, 207, 209, 294, 363, 369, 395, 400, 428, 453, 520, 523, 541, 570, 584, 596, 655, 672, 676, 680, 682, 686, 787, 822, 830, 835, 880, 974, 1107, 1145, 1177, 1179, 1181, 1184, 1230, 1286, 1311, 1362, 1373, 1528, 1539, 1645, 1700, 1732, 1767, 1793, 1796, 1813, 1850, 1887, 1968]","['Neurog2+', 'Ifitm3-', 'Eomes+']",3
32,Neurog2_Crym_Ifitm3,011,1.879413199401285,1.870648016253587e-07,1.8574334589482004e-05,"[76, 146, 194, 202, 388, 627, 644, 654, 693, 767, 901, 919, 944, 996, 1043, 1207, 1248, 1289, 1577, 1591, 1630, 1677, 1810, 1873, 1914, 1994]","['Neurog2-', 'Crym+', 'Ifitm3+']",6
39,Hba-a1_Hbb-bt_Hba-a2,000,0.10297011997190542,8.219424660847979e-06,0.0006121020996084621,"[0, 1, 2, 4, 5, 6, 7, 8, 10, 11, 13, 15, 17, 18, 20, 23, 25, 27, 29, 31, 32, 33, 34, 35, 37, 41, 43, 45, 49, 50, 52, 53, 55, 56, 57, 58, 59, 60, 61, 63, 64, 66, 69, 70, 72, 73, 74, 75, 77, 79, 80, 82, 83, 84, 85, 86, 88, 90, 92, 93, 94, 95, 96, 97, 98, 99, 100, 102, 103, 104, 105, 106, 107, 108, 111, 114, 115, 116, 117, 118, 119, 120, 123, 125, 126, 127, 128, 130, 131, 132, 133, 134, 135, 136, 137, 138, 139, 140, 141, 146, 147, 148, 150, 153, 154, 156, 158, 159, 160, 164, 165, 167, 168, 169, 170, 173, 175, 178, 179, 180, 181, 186, 187, 188, 189, 190, 191, 193, 194, 195, 199, 200, 204, 209, 210, 212, 213, 219, 221, 222, 225, 226, 227, 228, 229, 230, 231, 232, 233, 234, 235, 236, 237, 238, 239, 240, 243, 246, 247, 249, 250, 251, 252, 254, 256, 257, 258, 259, 261, 262, 264, 265, 266, 268, 269, 270, 271, 273, 275, 277, 280, 281, 283, 284, 286, 287, 288, 291, 292, 293, 294, 295, 296, 297, 298, 299, 301, 303, 304, 305, 308, 310, 311, 313, 314, 316, 319, 320, 321, 323, 324, 325, 327, 331, 336, 340, 341, 342, 343, 344, 345, 346, 347, 349, 350, 351, 352, 354, 355, 356, 357, 359, 361, 362, 364, 365, 366, 367, 368, 370, 371, 373, 374, 377, 378, 380, 381, 382, 385, 386, 389, 390, 391, 392, 394, 395, 396, 398, 399, 400, 401, 402, 404, 405, 406, 407, 411, 412, 413, 416, 418, 419, 420, 421, 423, 425, 426, 427, 428, 430, 433, 434, 435, 436, 437, 439, 440, 443, 444, 445, 446, 447, 448, 450, 451, 452, 455, 456, 457, 460, 462, 465, 466, 469, 470, 471, 472, 476, 479, 480, 481, 483, 484, 488, 489, 491, 493, 494, 495, 496, 497, 498, 500, 502, 503, 505, 506, 508, 510, 511, 512, 513, 520, 521, 522, 523, 524, 525, 526, 527, 528, 529, 530, 532, 535, 537, 538, 543, 546, 547, 548, 549, 550, 551, 552, 553, 554, 558, 560, 561, 562, 563, 564, 566, 570, 571, 573, 574, 575, 576, 577, 578, 579, 580, 581, 582, 583, 584, 585, 587, 588, 589, 590, 592, 593, 594, 596, 597, 600, 601, 602, 605, 606, 607, 610, 612, 613, 615, 616, 617, 618, 619, 620, 621, 627, 628, 629, 631, 632, 633, 634, 635, 636, 637, 638, 639, 640, 641, 643, 644, 645, 646, 647, 649, 652, 653, 654, 655, 658, 659, 661, 662, 663, 664, 667, 668, 669, 671, 672, 673, 674, 675, 677, 678, 680, 682, 683, 684, 685, 686, 688, 689, 690, 691, 692, 693, 696, 697, 698, 700, 701, 702, 703, 705, 708, 709, 710, 711, 712, 713, 714, 715, 716, 718, 720, 721, 722, 723, 724, 726, 727, 728, 730, 731, 732, 734, 736, 737, 738, 739, 742, 743, 744, 745, 748, 750, 753, 755, 756, 757, 758, 759, 760, 761, 762, 764, 766, 767, 768, 770, 773, 774, 775, 777, 779, 780, 781, 783, 784, 785, 787, 791, 793, 794, 798, 799, 800, 802, 803, 804, 805, 806, 807, 811, 813, 814, 818, 819, 820, 821, 822, 823, 828, 829, 830, 832, 834, 835, 836, 837, 838, 840, 841, 842, 843, 844, 845, 846, 848, 849, 850, 851, 852, 853, 854, 855, 856, 859, 860, 861, 862, 863, 865, 868, 871, 873, 875, 876, 877, 878, 879, 880, 883, 885, 886, 888, 889, 890, 892, 893, 894, 895, 896, 897, 899, 900, 902, 904, 905, 907, 908, 909, 911, 912, 914, 915, 916, 919, 920, 921, 922, 924, 925, 926, 928, 929, 930, 931, 932, 933, 934, 935, 936, 937, 939, 941, 946, 949, 950, 951, 952, 953, 955, 956, 957, 958, 960, 961, 962, 963, 964, 965, 966, 967, 968, 970, 979, 980, 981, 982, 983, 986, 987, 988, 989, 990, 992, 994, 995, 997, 998, 999, 1001, 1002, 1003, 1004, 1005, 1007, 1009, 1010, 1012, 1013, 1014, 1015, 1017, 1018, 1019, 1020, 1021, 1022, 1023, 1026, 1029, 1032, 1033, 1035, 1037, 1038, 1039, 1042, 1044, 1046, 1048, 1049, 1051, 1052, 1053, 1055, 1056, 1058, 1059, 1060, 1061, 1062, 1063, 1064, 1065, 1066, 1067, 1068, 1070, 1073, 1074, 1075, 1076, 1077, 1081, 1082, 1084, 1090, 1092, 1094, 1095, 1097, 1098, 1099, 1101, 1103, 1104, 1106, 1107, 1108, 1109, 1110, 1111, 1113, 1116, 1118, 1120, 1122, 1123, 1124, 1126, 1127, 1128, 1130, 1132, 1133, 1135, 1137, 1139, 1140, 1141, 1143, 1144, 1145, 1148, 1149, 1150, 1151, 1152, 1153, 1157, 1160, 1161, 1162, 1163, 1166, 1167, 1168, 1170, 1172, 1173, 1174, 1176, 1177, 1178, 1179, 1180, 1181, 1182, 1183, 1184, 1186, 1188, 1190, 1191, 1192, 1194, 1196, 1197, 1198, 1199, 1200, 1201, 1202, 1203, 1204, 1207, 1208, 1210, 1212, 1213, 1214, 1216, 1219, 1221, 1222, 1223, 1224, 1225, 1226, 1228, 1229, 1230, 1231, 1232, 1233, 1234, 1235, 1236, 1237, 1238, 1239, 1241, 1242, 1245, 1246, 1247, 1250, 1251, 1252, 1253, 1254, 1255, 1256, 1258, 1259, 1260, 1261, 1262, 1263, 1264, 1265, 1268, 1270, 1272, 1275, 1276, 1278, 1279, 1280, 1281, 1282, 1283, 1285, 1286, 1288, 1289, 1290, 1291, 1292, 1293, 1295, 1296, 1297, 1298, 1299, 1301, 1302, 1303, 1305, 1306, 1307, 1310, 1312, 1314, 1315, 1317, 1318, 1319, 1320, 1322, 1323, 1324, 1325, 1326, 1327, 1329, 1331, 1333, 1334, 1335, 1336, 1337, 1339, 1340, 1341, 1342, 1343, 1344, 1345, 1347, 1348, 1349, 1350, 1351, 1352, 1353, 1354, 1355, 1356, 1357, 1358, 1360, 1361, 1363, 1367, 1368, 1369, 1370, 1371, 1372, 1373, 1375, 1376, 1377, 1378, 1380, 1382, 1384, 1385, 1386, 1387, 1388, 1389, 1391, 1392, 1394, 1395, 1396, 1397, 1398, 1401, 1402, 1403, 1404, 1407, 1409, 1411, 1412, 1414, 1415, 1416, 1417, 1420, 1421, 1423, 1424, 1425, 1426, 1427, 1429, 1431, 1434, 1435, 1436, 1438, 1439, 1440, 1441, 1442, 1444, 1445, 1446, 1447, 1449, 1451, 1452, 1453, 1454, 1455, 1456, 1458, 1459, 1460, 1461, 1462, 1464, 1465, 1466, 1467, 1468, 1471, 1473, 1474, 1475, 1476, 1477, 1479, 1481, 1482, 1483, 1484, 1485, 1487, 1488, 1489, 1490, 1491, 1492, 1494, 1495, 1496, 1497, 1501, 1502, 1503, 1506, 1507, 1512, 1513, 1514, 1516, 1517, 1518, 1520, 1522, 1523, 1524, 1527, 1528, 1529, 1530, 1531, 1534, 1536, 1537, 1539, 1543, 1544, 1547, 1548, 1551, 1553, 1554, 1557, 1558, 1559, 1560, 1562, 1563, 1564, 1565, 1566, 1567, 1569, 1570, 1571, 1572, 1573, 1574, 1575, 1576, 1578, 1579, 1580, 1582, 1583, 1584, 1585, 1586, 1587, 1588, 1590, 1591, 1592, 1593, 1594, 1595, 1596, 1597, 1598, 1599, 1600, 1601, 1603, 1606, 1607, 1608, 1611, 1613, 1614, 1616, 1617, 1619, 1622, 1623, 1624, 1625, 1626, 1627, 1628, 1629, 1630, 1632, 1633, 1634, 1636, 1639, 1640, 1641, 1642, 1643, 1645, 1646, 1647, 1648, 1649, 1652, 1655, 1656, 1658, 1659, 1661, 1662, 1663, 1665, 1666, 1667, 1668, 1670, 1671, 1672, 1673, 1674, 1675, 1679, 1681, 1682, 1683, 1684, 1685, 1686, 1687, 1688, 1689, 1690, 1691, 1692, 1699, 1700, 1703, 1706, 1709, 1712, 1716, 1717, 1718, 1719, 1723, 1725, 1728, 1730, 1731, 1732, 1733, 1735, 1736, 1737, 1738, 1739, 1740, 1741, 1742, 1743, 1747, 1748, 1753, 1757, 1758, 1759, 1760, 1761, 1762, 1763, 1764, 1765, 1766, 1767, 1769, 1770, 1771, 1772, 1773, 1774, 1775, 1777, 1778, 1780, 1781, 1782, 1783, 1784, 1785, 1786, 1789, 1791, 1793, 1795, 1796, 1797, 1798, 1799, 1800, 1802, 1804, 1805, 1807, 1808, 1810, 1811, 1813, 1814, 1815, 1816, 1817, 1818, 1819, 1821, 1822, 1823, 1824, 1825, 1826, 1827, 1832, 1833, 1834, 1836, 1837, 1838, 1841, 1842, 1843, 1844, 1845, 1846, 1847, 1848, 1850, 1851, 1852, 1855, 1856, 1857, 1859, 1860, 1861, 1863, 1864, 1865, 1867, 1868, 1869, 1871, 1873, 1874, 1875, 1878, 1879, 1880, 1882, 1883, 1885, 1886, 1889, 1892, 1893, 1895, 1896, 1898, 1901, 1903, 1908, 1910, 1913, 1914, 1915, 1916, 1920, 1925, 1927, 1928, 1929, 1930, 1931, 1932, 1933, 1934, 1936, 1937, 1938, 1939, 1940, 1941, 1942, 1943, 1944, 1945, 1947, 1948, 1951, 1952, 1953, 1954, 1955, 1957, 1961, 1962, 1963, 1965, 1966, 1967, 1968, 1969, 1972, 1973, 1974, 1975, 1977, 1978, 1979, 1982, 1983, 1985, 1986, 1987, 1988, 1992, 1993, 1994, 1995, 1996, 1997, 1998, 1999]","['Hba-a1-', 'Hbb-bt-', 'Hba-a2-']",4
23,Hspa1a_Crym_Ifitm3,011,1.4106091093783257,3.5257908890442744e-05,0.0019585150895565476,"[76, 146, 194, 388, 627, 644, 654, 693, 767, 901, 944, 996, 1043, 1207, 1289, 1577, 1591, 1630, 1677, 1810, 1840, 1873, 1914, 1994]","['Hspa1a-', 'Crym+', 'Ifitm3+']",6
28,Lypla1_Crym_Ifitm3,011,1.5227306274895436,3.944897567589089e-05,0.0019585150895565476,"[202, 388, 644, 654, 693, 767, 901, 919, 944, 1043, 1207, 1248, 1289, 1577, 1591, 1630, 1810, 1840, 1873, 1914, 1994]","['Lypla1-', 'Crym+', 'Ifitm3+']",6
5,Bst2_Crym_Ifitm3,011,1.63104410329908,5.8684719756655876e-05,0.0024972926354453187,"[76, 146, 194, 202, 388, 627, 644, 654, 767, 901, 919, 944, 996, 1043, 1207, 1248, 1289, 1577, 1591, 1630, 1677, 1810, 1840, 1873, 1914, 1994]","['Bst2-', 'Crym+', 'Ifitm3+']",6
18,Isg15_Bst2_Ifitm3,011,1.3791641581601983,0.0013545459037925451,0.050436644043764516,"[53, 83, 345, 361, 404, 449, 532, 693, 779, 836, 879, 915, 1012, 1480, 1740, 1761, 1854, 1959]","['Isg15-', 'Bst2+', 'Ifitm3+']",9
54,Isg15_Bst2_Hba-a2_Ifitm3,0101,1.3237674496085021,0.001924503628319066,0.06369695421137356,"[53, 83, 345, 361, 404, 532, 693, 779, 836, 879, 915, 1012, 1740, 1761, 1959]","['Isg15-', 'Bst2+', 'Hba-a2-', 'Ifitm3+']",9
38,Neurog2_Ifitm3_Eomes,111,1.889063275535688,0.006367895082505431,0.1896873375410122,"[683, 818, 979, 1417, 1872, 1978]","['Neurog2+', 'Ifitm3+', 'Eomes+']",1
30,Lypla1_Crym_Ifitm3,111,1.7728259776158393,0.009237248608784769,0.25014532376192233,"[76, 146, 194, 627, 996, 1677]","['Lypla1+', 'Crym+', 'Ifitm3+']",6
11,Bst2_Hba-a2_Ifitm3,101,1.4554525143634067,0.010130626485004174,0.25147655290917525,"[53, 83, 193, 345, 361, 404, 532, 683, 693, 779, 836, 879, 915, 1012, 1586, 1740, 1761, 1959]","['Bst2+', 'Hba-a2-', 'Ifitm3+']",9
62,Isg15_Bst2_Hba-a2_Ifitm3,1111,6.429074127624007,0.011538239596978871,0.26438611439511756,"[1419, 1509, 1727]","['Isg15+', 'Bst2+', 'Hba-a2+', 'Ifitm3+']",10
44,Isg15_Hba-a2_Ifitm3,101,1.5334222987272863,0.019268116183350444,0.4065352195506317,"[193, 432, 683, 944, 1170, 1313, 1350, 1505, 1586]","['Isg15+', 'Hba-a2-', 'Ifitm3+']",8
19,Isg15_Bst2_Ifitm3,101,1.500670231546718,0.021226962994468215,0.4065352195506317,"[432, 944, 1147, 1170, 1313, 1350, 1505]","['Isg15+', 'Bst2-', 'Ifitm3+']",8
6,Bst2_Crym_Ifitm3,101,1.247882585923879,0.021836132313319153,0.4065352195506317,"[53, 83, 193, 345, 361, 404, 449, 532, 683, 779, 836, 879, 915, 1012, 1419, 1480, 1509, 1586, 1727, 1740, 1761, 1854, 1959]","['Bst2+', 'Crym-', 'Ifitm3+']",9
2,Atp6v1h_Hba-a2_Eomes,101,0.6262944884337781,0.02477272633319573,0.43407754985730906,"[21, 39, 51, 209, 428, 541, 584, 585, 655, 835, 846, 974, 1107, 1181, 1311, 1429, 1488, 1528, 1574, 1732, 1761, 1767, 1796, 1850, 1969]","['Atp6v1h+', 'Hba-a2-', 'Eomes+']",3
16,Isg15_Bst2_Hba-a2,111,4.8991676826821875,0.03295726952901872,0.5454075682765511,"[1089, 1419, 1509, 1727]","['Isg15+', 'Bst2+', 'Hba-a2+']",10
25,Hspa1a_Crym_Ifitm3,110,0.9388304532116912,0.0401330754111292,0.6035036407747714,"[223, 240, 417, 420, 424, 1040, 1064, 1125, 1393, 1530]","['Hspa1a+', 'Crym+', 'Ifitm3-']",2
29,Lypla1_Crym_Ifitm3,101,0.33302057318805345,0.04051981451353217,0.6035036407747714,"[17, 83, 84, 147, 165, 173, 213, 220, 254, 334, 361, 399, 435, 468, 516, 517, 539, 557, 605, 624, 639, 668, 695, 722, 729, 754, 772, 779, 782, 785, 804, 839, 915, 1016, 1091, 1104, 1134, 1146, 1147, 1170, 1188, 1191, 1227, 1233, 1316, 1319, 1337, 1392, 1401, 1417, 1419, 1448, 1509, 1514, 1586, 1602, 1609, 1636, 1646, 1651, 1687, 1698, 1702, 1712, 1727, 1756, 1758, 1761, 1803, 1855, 1899, 1959, 1980]","['Lypla1+', 'Crym-', 'Ifitm3+']",5
56,Isg15_Bst2_Hba-a2_Ifitm3,1001,1.2160126415547365,0.047664259149968476,0.6761078740925749,"[432, 944, 1170, 1313, 1350, 1505]","['Isg15+', 'Bst2-', 'Hba-a2-', 'Ifitm3+']",8
21,Isg15_Bst2_Ifitm3,111,4.204804433245552,0.05278524282609911,0.6979953238543166,"[193, 683, 1419, 1509, 1586, 1727]","['Isg15+', 'Bst2+', 'Ifitm3+']",10
35,Neurog2_Ifitm3_Eomes,000,0.03663485454013187,0.056014511065466614,0.6979953238543166,"[0, 1, 2, 3, 4, 5, 6, 7, 9, 10, 11, 12, 13, 14, 15, 16, 18, 19, 20, 23, 24, 25, 26, 27, 28, 30, 31, 34, 36, 38, 40, 41, 42, 43, 44, 45, 46, 47, 48, 50, 52, 54, 55, 56, 57, 58, 59, 60, 61, 62, 63, 64, 66, 67, 68, 69, 70, 72, 74, 78, 79, 80, 81, 82, 85, 86, 87, 88, 89, 90, 91, 93, 94, 95, 96, 98, 100, 101, 102, 103, 105, 106, 109, 110, 111, 112, 113, 114, 115, 118, 119, 120, 122, 123, 125, 126, 127, 128, 129, 130, 132, 133, 134, 135, 136, 138, 139, 140, 141, 142, 143, 144, 145, 148, 149, 150, 151, 152, 153, 154, 155, 156, 158, 159, 161, 162, 163, 164, 166, 168, 169, 170, 171, 174, 175, 176, 178, 179, 180, 181, 182, 184, 185, 186, 187, 188, 190, 191, 195, 197, 198, 199, 203, 204, 205, 206, 208, 210, 211, 212, 215, 216, 217, 218, 222, 223, 224, 226, 227, 228, 229, 230, 232, 233, 234, 235, 236, 237, 238, 239, 240, 242, 244, 245, 246, 247, 248, 249, 250, 252, 253, 256, 257, 259, 260, 261, 263, 264, 265, 266, 268, 270, 271, 272, 273, 275, 279, 280, 281, 284, 285, 286, 287, 288, 289, 291, 292, 293, 295, 296, 298, 299, 300, 301, 303, 305, 306, 308, 309, 312, 313, 314, 318, 319, 320, 322, 323, 324, 325, 326, 330, 331, 332, 337, 338, 339, 340, 341, 343, 344, 348, 351, 352, 354, 355, 356, 357, 362, 364, 366, 367, 368, 370, 374, 375, 376, 377, 378, 379, 380, 381, 382, 383, 384, 385, 386, 387, 389, 391, 392, 393, 394, 397, 398, 402, 403, 405, 407, 408, 409, 412, 413, 414, 415, 416, 417, 418, 419, 420, 423, 424, 425, 426, 427, 429, 430, 431, 437, 438, 439, 440, 441, 442, 443, 444, 445, 446, 448, 450, 451, 454, 455, 456, 457, 460, 462, 463, 464, 465, 469, 472, 473, 474, 475, 476, 477, 478, 479, 480, 481, 482, 483, 484, 485, 487, 488, 490, 491, 492, 493, 494, 495, 496, 497, 498, 499, 500, 501, 502, 503, 504, 505, 508, 509, 510, 511, 512, 515, 518, 519, 522, 524, 525, 526, 528, 530, 533, 534, 535, 536, 540, 542, 543, 544, 545, 546, 548, 550, 552, 554, 555, 556, 558, 560, 561, 562, 563, 564, 565, 566, 567, 568, 569, 571, 573, 574, 576, 577, 578, 579, 580, 582, 583, 586, 587, 588, 589, 590, 591, 592, 593, 594, 595, 599, 600, 601, 602, 603, 604, 606, 608, 611, 612, 613, 615, 616, 617, 618, 619, 620, 622, 623, 625, 626, 628, 633, 634, 637, 638, 640, 641, 642, 643, 645, 646, 647, 648, 649, 650, 651, 652, 653, 656, 658, 659, 660, 663, 664, 665, 666, 667, 669, 670, 673, 674, 675, 677, 681, 685, 687, 688, 689, 690, 691, 694, 697, 698, 699, 700, 701, 702, 704, 705, 706, 707, 708, 710, 711, 712, 713, 714, 716, 718, 719, 720, 721, 724, 725, 727, 728, 730, 734, 735, 736, 737, 738, 740, 742, 743, 744, 746, 747, 748, 749, 751, 752, 753, 755, 756, 757, 758, 759, 760, 762, 763, 765, 766, 768, 769, 770, 773, 775, 776, 777, 778, 780, 781, 783, 786, 788, 790, 791, 792, 793, 795, 796, 798, 801, 802, 803, 805, 806, 807, 808, 812, 813, 816, 817, 819, 820, 823, 824, 825, 826, 827, 829, 831, 832, 833, 837, 838, 842, 843, 844, 845, 847, 848, 849, 852, 853, 855, 856, 857, 858, 859, 860, 861, 862, 863, 865, 866, 868, 869, 870, 871, 873, 876, 877, 878, 881, 882, 883, 884, 885, 887, 889, 890, 891, 892, 894, 895, 896, 897, 898, 899, 900, 902, 904, 906, 907, 908, 909, 910, 911, 912, 913, 914, 916, 917, 918, 920, 922, 923, 925, 926, 927, 928, 929, 930, 932, 934, 935, 936, 937, 938, 939, 940, 942, 943, 945, 946, 947, 948, 949, 951, 952, 953, 954, 955, 956, 957, 959, 961, 962, 963, 965, 966, 968, 969, 970, 971, 972, 973, 975, 976, 977, 978, 981, 982, 984, 985, 987, 988, 990, 992, 993, 995, 997, 999, 1001, 1002, 1003, 1004, 1005, 1006, 1007, 1008, 1009, 1010, 1011, 1013, 1014, 1015, 1017, 1018, 1019, 1020, 1021, 1023, 1024, 1025, 1029, 1030, 1031, 1032, 1033, 1034, 1036, 1037, 1038, 1039, 1041, 1042, 1044, 1045, 1047, 1048, 1049, 1051, 1052, 1054, 1055, 1056, 1058, 1059, 1060, 1061, 1062, 1063, 1064, 1065, 1066, 1067, 1068, 1071, 1072, 1073, 1074, 1076, 1077, 1079, 1080, 1081, 1085, 1086, 1087, 1088, 1089, 1090, 1092, 1094, 1096, 1099, 1100, 1101, 1102, 1103, 1105, 1106, 1108, 1110, 1111, 1112, 1113, 1114, 1115, 1116, 1117, 1118, 1120, 1121, 1122, 1123, 1125, 1127, 1128, 1130, 1131, 1132, 1133, 1135, 1136, 1137, 1138, 1139, 1140, 1141, 1142, 1143, 1144, 1148, 1150, 1151, 1152, 1154, 1156, 1157, 1158, 1159, 1160, 1162, 1163, 1164, 1165, 1166, 1168, 1169, 1171, 1172, 1173, 1174, 1175, 1176, 1180, 1182, 1183, 1185, 1186, 1189, 1190, 1192, 1193, 1194, 1195, 1196, 1198, 1199, 1200, 1201, 1202, 1203, 1204, 1205, 1208, 1210, 1211, 1212, 1213, 1215, 1217, 1218, 1219, 1220, 1221, 1222, 1223, 1224, 1226, 1228, 1229, 1231, 1232, 1234, 1235, 1236, 1237, 1238, 1239, 1240, 1241, 1242, 1243, 1245, 1246, 1247, 1249, 1250, 1251, 1252, 1253, 1255, 1256, 1257, 1258, 1259, 1260, 1261, 1262, 1264, 1265, 1266, 1267, 1268, 1269, 1270, 1271, 1274, 1275, 1276, 1277, 1278, 1279, 1280, 1281, 1282, 1283, 1284, 1285, 1288, 1290, 1291, 1292, 1293, 1294, 1296, 1298, 1299, 1301, 1302, 1304, 1306, 1308, 1309, 1310, 1312, 1314, 1315, 1317, 1318, 1320, 1321, 1324, 1325, 1326, 1327, 1329, 1331, 1332, 1334, 1335, 1338, 1339, 1340, 1341, 1342, 1343, 1344, 1346, 1347, 1349, 1352, 1353, 1354, 1355, 1356, 1357, 1358, 1359, 1360, 1363, 1364, 1365, 1366, 1368, 1369, 1371, 1374, 1375, 1377, 1378, 1379, 1380, 1381, 1382, 1383, 1384, 1385, 1386, 1387, 1388, 1390, 1391, 1393, 1394, 1395, 1396, 1397, 1398, 1400, 1402, 1403, 1404, 1405, 1408, 1410, 1411, 1412, 1413, 1414, 1415, 1416, 1420, 1422, 1423, 1424, 1425, 1428, 1430, 1431, 1432, 1433, 1437, 1438, 1439, 1440, 1441, 1442, 1443, 1444, 1446, 1447, 1451, 1453, 1455, 1456, 1457, 1458, 1459, 1460, 1461, 1462, 1463, 1464, 1465, 1467, 1468, 1469, 1470, 1471, 1473, 1474, 1475, 1476, 1477, 1478, 1481, 1482, 1483, 1484, 1485, 1486, 1487, 1489, 1490, 1491, 1492, 1494, 1495, 1496, 1497, 1498, 1499, 1500, 1501, 1502, 1503, 1506, 1507, 1508, 1511, 1512, 1513, 1517, 1518, 1519, 1520, 1521, 1523, 1524, 1525, 1526, 1527, 1530, 1531, 1532, 1533, 1534, 1537, 1538, 1540, 1542, 1543, 1544, 1545, 1546, 1547, 1548, 1550, 1552, 1553, 1554, 1555, 1556, 1557, 1558, 1560, 1563, 1564, 1565, 1566, 1569, 1570, 1571, 1572, 1575, 1576, 1578, 1580, 1581, 1582, 1583, 1584, 1585, 1587, 1589, 1592, 1593, 1594, 1596, 1597, 1599, 1600, 1601, 1603, 1604, 1606, 1608, 1611, 1613, 1614, 1615, 1616, 1617, 1618, 1619, 1620, 1623, 1624, 1626, 1628, 1629, 1631, 1633, 1634, 1635, 1638, 1639, 1640, 1641, 1642, 1647, 1648, 1649, 1650, 1652, 1653, 1654, 1655, 1656, 1657, 1658, 1659, 1660, 1661, 1663, 1664, 1665, 1667, 1669, 1670, 1671, 1672, 1673, 1675, 1676, 1678, 1679, 1680, 1681, 1685, 1686, 1688, 1689, 1690, 1691, 1692, 1693, 1694, 1695, 1697, 1699, 1701, 1703, 1705, 1707, 1709, 1710, 1711, 1713, 1714, 1715, 1716, 1717, 1718, 1719, 1720, 1721, 1724, 1725, 1726, 1728, 1729, 1730, 1733, 1734, 1735, 1737, 1738, 1739, 1741, 1742, 1743, 1744, 1745, 1747, 1748, 1749, 1750, 1751, 1752, 1753, 1754, 1757, 1760, 1762, 1763, 1764, 1765, 1766, 1769, 1770, 1772, 1773, 1775, 1776, 1777, 1778, 1779, 1780, 1781, 1782, 1783, 1784, 1785, 1786, 1787, 1788, 1790, 1791, 1792, 1794, 1795, 1797, 1798, 1799, 1800, 1801, 1802, 1804, 1807, 1808, 1809, 1811, 1812, 1815, 1816, 1817, 1818, 1820, 1821, 1822, 1823, 1824, 1825, 1826, 1827, 1828, 1831, 1832, 1834, 1835, 1836, 1837, 1838, 1839, 1841, 1842, 1843, 1844, 1846, 1847, 1849, 1851, 1852, 1857, 1858, 1859, 1860, 1861, 1864, 1866, 1867, 1868, 1869, 1870, 1874, 1875, 1876, 1877, 1878, 1879, 1881, 1882, 1883, 1884, 1885, 1886, 1888, 1889, 1890, 1891, 1892, 1893, 1894, 1898, 1900, 1901, 1902, 1903, 1905, 1906, 1907, 1909, 1910, 1911, 1913, 1915, 1916, 1917, 1918, 1919, 1920, 1921, 1922, 1924, 1925, 1926, 1928, 1929, 1930, 1931, 1932, 1934, 1935, 1937, 1939, 1940, 1942, 1943, 1944, 1945, 1947, 1950, 1952, 1953, 1954, 1955, 1956, 1957, 1958, 1960, 1961, 1962, 1963, 1964, 1965, 1967, 1971, 1972, 1973, 1974, 1975, 1976, 1977, 1979, 1981, 1982, 1983, 1985, 1986, 1987, 1989, 1991, 1992, 1993, 1995, 1996, 1997, 1998, 1999]","['Neurog2-', 'Ifitm3-', 'Eomes-']",4
26,Hspa1a_Crym_Ifitm3,111,1.739489964907455,0.06255085756600919,0.6979953238543166,"[202, 919, 1248]","['Hspa1a+', 'Crym+', 'Ifitm3+']",7
60,Isg15_Bst2_Hba-a2_Ifitm3,1101,3.921167053567881,0.06387977276287855,0.6979953238543166,"[193, 683, 1586]","['Isg15+', 'Bst2+', 'Hba-a2-', 'Ifitm3+']",10
0,Atp6v1h_Hba-a2_Eomes,010,0.13187608243255453,0.06628557511341088,0.6979953238543166,"[3, 12, 14, 22, 42, 65, 71, 109, 124, 143, 145, 151, 155, 157, 161, 171, 176, 177, 182, 185, 203, 208, 214, 217, 218, 220, 224, 245, 260, 274, 278, 279, 285, 290, 312, 326, 329, 330, 348, 353, 358, 372, 376, 384, 397, 403, 410, 422, 424, 441, 449, 454, 461, 463, 464, 467, 468, 474, 475, 486, 492, 499, 509, 515, 531, 540, 557, 559, 565, 591, 598, 599, 603, 604, 609, 624, 625, 651, 656, 665, 681, 687, 699, 706, 717, 719, 733, 735, 746, 747, 754, 763, 771, 778, 782, 790, 795, 797, 801, 810, 817, 824, 826, 827, 833, 866, 867, 869, 872, 882, 884, 906, 910, 917, 923, 927, 938, 943, 947, 954, 973, 975, 991, 993, 996, 1006, 1011, 1016, 1036, 1047, 1071, 1078, 1079, 1080, 1086, 1087, 1089, 1096, 1100, 1115, 1119, 1125, 1131, 1134, 1142, 1147, 1154, 1155, 1159, 1164, 1165, 1169, 1171, 1175, 1205, 1206, 1211, 1215, 1218, 1243, 1248, 1257, 1266, 1271, 1277, 1287, 1294, 1304, 1308, 1316, 1330, 1332, 1346, 1359, 1374, 1393, 1405, 1418, 1419, 1443, 1448, 1450, 1463, 1478, 1486, 1498, 1499, 1500, 1508, 1509, 1510, 1519, 1532, 1545, 1546, 1550, 1555, 1556, 1561, 1581, 1589, 1602, 1609, 1615, 1618, 1620, 1635, 1654, 1669, 1676, 1677, 1678, 1693, 1694, 1695, 1708, 1710, 1713, 1721, 1726, 1727, 1729, 1746, 1750, 1751, 1755, 1776, 1787, 1790, 1792, 1801, 1803, 1830, 1839, 1840, 1870, 1884, 1891, 1899, 1904, 1909, 1911, 1912, 1917, 1921, 1923, 1958, 1970, 1971, 1976, 1980, 1981, 1984, 1991]","['Atp6v1h-', 'Hba-a2+', 'Eomes-']",5
3,Atp6v1h_Hba-a2_Eomes,111,1.086944398257986,0.06713488192283096,0.6979953238543166,"[183, 267, 1040, 1806, 1872, 1887]","['Atp6v1h+', 'Hba-a2+', 'Eomes+']",1
22,Hspa1a_Crym_Ifitm3,000,0.03057879876442814,0.0678348371509899,0.6979953238543166,"[0, 1, 2, 3, 4, 5, 6, 9, 11, 12, 13, 14, 18, 19, 20, 23, 24, 25, 26, 27, 28, 30, 31, 32, 34, 35, 36, 38, 39, 40, 41, 42, 43, 44, 45, 46, 47, 48, 49, 50, 52, 54, 55, 56, 57, 58, 59, 60, 61, 62, 63, 64, 67, 68, 69, 71, 72, 73, 74, 75, 77, 78, 79, 80, 81, 85, 86, 87, 88, 89, 90, 91, 92, 93, 94, 98, 99, 100, 101, 102, 103, 104, 109, 110, 111, 112, 113, 114, 115, 116, 119, 120, 121, 122, 123, 125, 126, 127, 128, 130, 131, 132, 133, 134, 135, 136, 137, 139, 140, 141, 143, 144, 145, 148, 149, 150, 151, 152, 153, 154, 155, 156, 157, 158, 159, 161, 162, 163, 164, 166, 167, 168, 169, 171, 175, 177, 178, 179, 180, 181, 182, 183, 184, 185, 186, 187, 188, 189, 190, 191, 195, 196, 198, 199, 201, 203, 205, 206, 207, 208, 209, 210, 211, 212, 214, 215, 216, 217, 218, 222, 224, 226, 227, 228, 229, 230, 233, 234, 235, 236, 237, 238, 241, 242, 243, 244, 245, 246, 247, 248, 249, 251, 253, 255, 256, 257, 258, 259, 260, 262, 263, 264, 265, 266, 267, 268, 269, 270, 271, 272, 273, 275, 279, 281, 283, 284, 285, 286, 288, 289, 291, 292, 293, 294, 295, 296, 297, 298, 299, 300, 301, 302, 303, 304, 305, 306, 307, 308, 309, 310, 312, 313, 314, 318, 320, 321, 323, 324, 325, 326, 328, 329, 330, 331, 336, 337, 338, 339, 340, 341, 343, 344, 348, 349, 350, 351, 352, 353, 354, 355, 356, 357, 358, 359, 360, 362, 363, 364, 365, 366, 367, 369, 370, 371, 374, 375, 376, 377, 378, 379, 380, 381, 382, 383, 384, 385, 386, 387, 389, 391, 392, 393, 394, 395, 397, 398, 400, 401, 402, 403, 405, 407, 408, 412, 413, 414, 415, 416, 418, 419, 425, 426, 428, 429, 430, 431, 433, 437, 438, 440, 441, 442, 443, 444, 445, 446, 448, 450, 451, 452, 453, 454, 455, 456, 457, 458, 460, 462, 463, 464, 466, 467, 469, 470, 472, 473, 474, 475, 476, 477, 478, 479, 481, 482, 484, 485, 487, 488, 489, 491, 492, 494, 495, 496, 497, 499, 500, 501, 502, 503, 504, 505, 508, 509, 510, 512, 513, 514, 515, 518, 519, 520, 521, 522, 523, 524, 526, 528, 530, 531, 533, 534, 535, 536, 538, 540, 542, 543, 545, 546, 547, 548, 550, 552, 554, 555, 556, 558, 560, 561, 562, 563, 564, 566, 567, 568, 569, 570, 571, 573, 574, 575, 576, 577, 578, 579, 580, 582, 583, 584, 585, 586, 587, 588, 589, 590, 591, 592, 593, 594, 595, 596, 598, 599, 600, 601, 602, 603, 604, 606, 608, 609, 611, 612, 613, 614, 615, 616, 617, 618, 619, 621, 622, 623, 626, 628, 630, 633, 637, 638, 640, 641, 642, 643, 645, 646, 647, 648, 649, 650, 651, 652, 653, 655, 656, 657, 658, 659, 660, 661, 662, 663, 664, 665, 666, 667, 669, 670, 672, 673, 674, 675, 677, 680, 681, 682, 684, 685, 686, 687, 688, 690, 691, 692, 694, 697, 698, 699, 700, 701, 702, 703, 704, 705, 706, 707, 708, 710, 711, 712, 716, 718, 719, 720, 721, 723, 724, 725, 726, 727, 728, 730, 732, 734, 735, 736, 737, 738, 739, 740, 741, 742, 743, 744, 745, 746, 747, 748, 751, 752, 753, 755, 756, 757, 758, 759, 760, 761, 762, 763, 764, 765, 766, 768, 769, 771, 773, 774, 775, 776, 777, 778, 781, 783, 786, 787, 788, 790, 791, 792, 793, 794, 795, 796, 798, 799, 800, 801, 802, 803, 806, 807, 808, 810, 811, 813, 815, 816, 817, 820, 822, 823, 824, 826, 827, 828, 829, 830, 831, 832, 833, 834, 837, 838, 842, 843, 844, 845, 846, 847, 848, 849, 850, 851, 852, 853, 855, 856, 857, 858, 859, 860, 861, 862, 863, 864, 865, 866, 867, 868, 869, 870, 871, 872, 873, 876, 877, 878, 880, 881, 882, 883, 885, 886, 887, 889, 890, 891, 892, 893, 894, 895, 896, 897, 898, 899, 900, 902, 903, 905, 906, 907, 908, 909, 910, 911, 912, 913, 914, 916, 920, 921, 922, 923, 924, 926, 929, 931, 932, 934, 935, 936, 937, 938, 939, 940, 941, 942, 943, 945, 946, 947, 948, 949, 950, 951, 952, 953, 954, 955, 957, 958, 959, 961, 962, 963, 964, 965, 969, 970, 971, 972, 975, 978, 981, 982, 984, 985, 986, 987, 988, 990, 991, 995, 997, 998, 999, 1001, 1002, 1003, 1004, 1005, 1006, 1007, 1008, 1009, 1010, 1011, 1013, 1014, 1015, 1017, 1018, 1019, 1020, 1021, 1022, 1023, 1024, 1025, 1026, 1028, 1029, 1030, 1031, 1033, 1034, 1035, 1036, 1037, 1038, 1039, 1041, 1042, 1044, 1046, 1047, 1048, 1050, 1051, 1054, 1055, 1056, 1059, 1060, 1061, 1062, 1063, 1065, 1066, 1067, 1069, 1070, 1071, 1075, 1077, 1079, 1080, 1081, 1084, 1085, 1086, 1087, 1088, 1089, 1090, 1092, 1093, 1094, 1095, 1097, 1100, 1102, 1103, 1105, 1106, 1108, 1110, 1111, 1112, 1113, 1114, 1115, 1116, 1117, 1119, 1120, 1121, 1122, 1123, 1124, 1126, 1127, 1128, 1130, 1131, 1132, 1133, 1136, 1137, 1138, 1139, 1140, 1141, 1143, 1144, 1145, 1148, 1149, 1150, 1151, 1152, 1153, 1154, 1155, 1156, 1157, 1158, 1160, 1162, 1163, 1164, 1165, 1166, 1168, 1169, 1171, 1172, 1173, 1174, 1175, 1176, 1177, 1179, 1180, 1181, 1183, 1184, 1185, 1186, 1187, 1189, 1190, 1192, 1193, 1194, 1195, 1196, 1198, 1199, 1200, 1201, 1202, 1203, 1204, 1205, 1208, 1210, 1211, 1212, 1213, 1214, 1215, 1217, 1218, 1219, 1220, 1221, 1222, 1223, 1224, 1226, 1228, 1229, 1230, 1231, 1232, 1234, 1235, 1236, 1238, 1239, 1240, 1241, 1243, 1245, 1246, 1247, 1249, 1250, 1251, 1252, 1253, 1254, 1255, 1256, 1257, 1259, 1260, 1261, 1262, 1264, 1265, 1266, 1267, 1269, 1270, 1273, 1274, 1275, 1276, 1277, 1278, 1279, 1280, 1281, 1282, 1283, 1284, 1285, 1286, 1287, 1288, 1290, 1291, 1292, 1293, 1295, 1296, 1298, 1299, 1300, 1301, 1302, 1303, 1304, 1305, 1306, 1307, 1308, 1309, 1310, 1311, 1312, 1314, 1315, 1317, 1318, 1321, 1323, 1324, 1325, 1326, 1327, 1329, 1330, 1331, 1332, 1334, 1335, 1338, 1339, 1340, 1341, 1342, 1343, 1344, 1346, 1347, 1349, 1351, 1353, 1355, 1356, 1357, 1359, 1360, 1362, 1363, 1364, 1365, 1366, 1368, 1369, 1370, 1371, 1373, 1374, 1375, 1377, 1378, 1379, 1380, 1381, 1382, 1383, 1384, 1385, 1386, 1387, 1388, 1389, 1390, 1391, 1394, 1395, 1396, 1397, 1398, 1399, 1402, 1403, 1404, 1405, 1407, 1408, 1410, 1411, 1412, 1413, 1415, 1420, 1421, 1422, 1423, 1424, 1425, 1426, 1428, 1429, 1431, 1432, 1433, 1435, 1436, 1437, 1438, 1440, 1441, 1442, 1443, 1444, 1446, 1447, 1450, 1451, 1452, 1453, 1455, 1456, 1457, 1459, 1460, 1461, 1462, 1463, 1465, 1468, 1469, 1470, 1471, 1472, 1473, 1474, 1475, 1476, 1477, 1478, 1479, 1481, 1482, 1483, 1484, 1485, 1486, 1487, 1489, 1490, 1491, 1492, 1494, 1495, 1496, 1498, 1499, 1500, 1501, 1502, 1503, 1504, 1506, 1507, 1508, 1510, 1511, 1512, 1513, 1516, 1517, 1518, 1519, 1520, 1523, 1525, 1526, 1527, 1528, 1531, 1532, 1533, 1534, 1536, 1537, 1538, 1539, 1540, 1541, 1542, 1543, 1544, 1545, 1546, 1547, 1548, 1550, 1551, 1552, 1553, 1554, 1555, 1556, 1557, 1558, 1560, 1561, 1562, 1563, 1565, 1569, 1570, 1572, 1574, 1575, 1576, 1578, 1580, 1581, 1582, 1583, 1584, 1585, 1587, 1588, 1589, 1590, 1592, 1593, 1595, 1596, 1597, 1598, 1599, 1601, 1603, 1604, 1605, 1606, 1607, 1608, 1611, 1612, 1613, 1614, 1615, 1617, 1618, 1619, 1620, 1621, 1622, 1623, 1624, 1625, 1626, 1628, 1629, 1631, 1632, 1633, 1634, 1637, 1638, 1639, 1640, 1641, 1643, 1645, 1647, 1648, 1649, 1650, 1652, 1653, 1654, 1655, 1656, 1657, 1658, 1659, 1660, 1662, 1663, 1664, 1665, 1666, 1667, 1669, 1670, 1671, 1672, 1673, 1675, 1676, 1678, 1679, 1680, 1681, 1684, 1685, 1686, 1688, 1689, 1690, 1691, 1693, 1694, 1695, 1697, 1699, 1700, 1701, 1703, 1705, 1707, 1709, 1710, 1711, 1713, 1714, 1715, 1716, 1718, 1719, 1720, 1721, 1723, 1725, 1726, 1728, 1729, 1730, 1731, 1732, 1733, 1734, 1736, 1737, 1738, 1739, 1741, 1742, 1743, 1744, 1745, 1747, 1748, 1749, 1750, 1751, 1752, 1754, 1757, 1760, 1762, 1763, 1764, 1765, 1766, 1767, 1770, 1772, 1773, 1774, 1775, 1776, 1777, 1778, 1779, 1780, 1781, 1782, 1783, 1784, 1785, 1787, 1788, 1790, 1791, 1792, 1793, 1794, 1795, 1796, 1797, 1798, 1799, 1800, 1801, 1804, 1805, 1806, 1808, 1809, 1811, 1812, 1815, 1816, 1817, 1818, 1819, 1821, 1822, 1823, 1824, 1825, 1826, 1828, 1829, 1830, 1831, 1832, 1834, 1835, 1836, 1837, 1838, 1839, 1841, 1842, 1843, 1844, 1845, 1846, 1849, 1850, 1851, 1852, 1858, 1859, 1860, 1861, 1862, 1864, 1865, 1866, 1867, 1868, 1869, 1870, 1874, 1875, 1876, 1877, 1878, 1879, 1880, 1881, 1882, 1883, 1884, 1885, 1886, 1887, 1888, 1889, 1890, 1891, 1892, 1893, 1894, 1895, 1898, 1900, 1901, 1902, 1903, 1904, 1905, 1906, 1907, 1908, 1909, 1910, 1913, 1915, 1916, 1917, 1919, 1920, 1921, 1922, 1923, 1924, 1926, 1928, 1929, 1930, 1931, 1933, 1934, 1935, 1936, 1937, 1939, 1940, 1941, 1942, 1944, 1945, 1947, 1948, 1950, 1951, 1953, 1954, 1955, 1956, 1957, 1958, 1960, 1961, 1962, 1963, 1964, 1965, 1966, 1967, 1968, 1969, 1971, 1972, 1973, 1974, 1976, 1977, 1979, 1981, 1982, 1984, 1985, 1986, 1987, 1988, 1989, 1990, 1993, 1995, 1996, 1997, 1998, 1999]","['Hspa1a-', 'Crym-', 'Ifitm3-']",4
61,Isg15_Bst2_Hba-a2_Ifitm3,1110,3.8288827890089956,0.06795291156071923,0.6979953238543166,[1089],"['Isg15+', 'Bst2+', 'Hba-a2+', 'Ifitm3-']",11
50,Hspa1a_Neurog2_Ifitm3,101,0.438503317117408,0.07423230083415572,0.7370791196743123,"[22, 107, 147, 202, 213, 317, 335, 372, 422, 632, 679, 695, 919, 989, 1104, 1109, 1147, 1188, 1209, 1225, 1248, 1316, 1419, 1449, 1505, 1514, 1529, 1636, 1646, 1756]","['Hspa1a+', 'Neurog2-', 'Ifitm3+']",7
12,Bst2_Hba-a2_Ifitm3,111,2.08327049404636,0.08179669681895357,0.7859890823904331,"[449, 1419, 1480, 1509, 1727, 1854]","['Bst2+', 'Hba-a2+', 'Ifitm3+']",10
27,Lypla1_Crym_Ifitm3,000,0.030645497700019043,0.09237649910004059,0.8599119066531562,"[0, 3, 4, 5, 9, 11, 12, 13, 15, 16, 18, 19, 20, 21, 23, 24, 25, 26, 27, 28, 30, 31, 32, 34, 35, 36, 38, 39, 40, 41, 45, 46, 47, 48, 49, 50, 52, 54, 55, 56, 57, 58, 60, 61, 62, 63, 64, 66, 67, 69, 71, 72, 73, 74, 75, 77, 78, 79, 80, 81, 85, 86, 87, 88, 89, 90, 91, 92, 94, 96, 98, 99, 101, 102, 104, 105, 109, 110, 113, 114, 118, 119, 120, 122, 123, 125, 126, 127, 128, 130, 133, 134, 136, 137, 138, 139, 141, 142, 143, 144, 148, 149, 150, 151, 153, 154, 155, 158, 159, 161, 162, 164, 166, 167, 169, 170, 174, 175, 177, 178, 179, 180, 181, 182, 183, 184, 185, 186, 187, 188, 190, 191, 196, 197, 199, 201, 204, 205, 206, 207, 208, 209, 210, 211, 212, 214, 215, 216, 217, 218, 219, 222, 224, 226, 227, 228, 229, 230, 232, 233, 234, 235, 236, 238, 242, 243, 245, 247, 250, 251, 256, 257, 258, 259, 262, 264, 266, 267, 268, 269, 270, 271, 272, 273, 275, 279, 280, 281, 283, 286, 287, 288, 291, 292, 293, 294, 295, 296, 297, 298, 299, 300, 301, 303, 304, 305, 306, 307, 309, 310, 312, 313, 318, 319, 320, 321, 322, 323, 324, 325, 326, 328, 329, 331, 332, 333, 336, 337, 338, 339, 341, 343, 348, 349, 350, 351, 352, 353, 354, 355, 356, 357, 358, 359, 362, 363, 364, 365, 366, 367, 368, 369, 370, 371, 373, 374, 375, 376, 377, 378, 381, 382, 383, 384, 385, 386, 389, 390, 391, 392, 393, 394, 395, 397, 398, 400, 401, 402, 403, 408, 409, 413, 415, 416, 418, 419, 425, 427, 428, 429, 430, 431, 433, 437, 440, 442, 443, 444, 445, 446, 448, 450, 451, 452, 453, 455, 457, 460, 462, 463, 464, 465, 466, 467, 469, 472, 473, 475, 476, 477, 478, 479, 481, 482, 484, 485, 487, 489, 490, 491, 492, 493, 494, 495, 496, 497, 499, 500, 501, 502, 503, 504, 505, 509, 510, 511, 512, 513, 514, 515, 518, 519, 520, 522, 523, 524, 527, 528, 529, 530, 531, 534, 535, 536, 540, 541, 542, 543, 544, 545, 546, 547, 548, 550, 552, 554, 555, 556, 558, 560, 561, 562, 563, 564, 566, 568, 569, 570, 572, 573, 574, 575, 576, 577, 578, 579, 582, 583, 584, 585, 586, 587, 588, 589, 590, 591, 592, 593, 594, 598, 599, 600, 601, 602, 604, 606, 608, 609, 611, 612, 613, 615, 617, 618, 619, 620, 621, 622, 623, 625, 626, 628, 633, 637, 638, 640, 641, 642, 646, 647, 648, 649, 651, 652, 653, 656, 657, 658, 659, 661, 663, 664, 665, 666, 667, 670, 672, 673, 674, 675, 676, 677, 678, 680, 682, 684, 685, 686, 687, 688, 689, 692, 694, 697, 698, 699, 700, 701, 702, 703, 704, 705, 706, 707, 710, 711, 712, 713, 714, 716, 718, 719, 720, 721, 725, 726, 727, 728, 730, 732, 734, 735, 736, 737, 738, 739, 740, 742, 745, 746, 747, 748, 749, 751, 752, 755, 757, 759, 760, 761, 762, 763, 764, 765, 766, 768, 771, 773, 774, 776, 777, 780, 781, 783, 784, 787, 788, 790, 791, 793, 794, 795, 796, 799, 800, 801, 802, 803, 805, 806, 807, 808, 810, 812, 819, 822, 823, 824, 825, 826, 827, 828, 829, 831, 833, 834, 837, 838, 841, 842, 843, 845, 846, 849, 850, 851, 852, 853, 855, 856, 857, 858, 860, 861, 862, 863, 864, 865, 866, 869, 870, 871, 872, 875, 876, 877, 878, 881, 882, 883, 884, 885, 886, 887, 889, 890, 891, 892, 893, 894, 895, 897, 899, 900, 902, 903, 904, 905, 906, 908, 909, 910, 911, 912, 913, 916, 917, 918, 920, 921, 922, 923, 925, 926, 927, 928, 929, 930, 931, 932, 935, 936, 937, 938, 939, 940, 941, 942, 945, 948, 949, 951, 952, 953, 954, 955, 956, 957, 958, 959, 962, 963, 964, 965, 969, 970, 971, 972, 973, 974, 975, 982, 984, 985, 986, 987, 988, 990, 991, 995, 998, 999, 1001, 1002, 1003, 1004, 1006, 1007, 1008, 1009, 1010, 1013, 1014, 1015, 1017, 1019, 1020, 1021, 1022, 1023, 1024, 1028, 1029, 1030, 1031, 1033, 1034, 1035, 1038, 1039, 1042, 1044, 1045, 1046, 1048, 1049, 1050, 1052, 1055, 1056, 1058, 1059, 1060, 1061, 1065, 1066, 1067, 1068, 1069, 1070, 1072, 1075, 1076, 1077, 1079, 1080, 1081, 1084, 1085, 1087, 1088, 1090, 1092, 1094, 1095, 1096, 1097, 1100, 1101, 1102, 1103, 1105, 1106, 1107, 1108, 1110, 1111, 1112, 1113, 1114, 1115, 1116, 1117, 1119, 1120, 1121, 1122, 1123, 1124, 1126, 1127, 1128, 1130, 1131, 1132, 1133, 1135, 1137, 1139, 1141, 1142, 1143, 1144, 1145, 1148, 1150, 1151, 1152, 1153, 1154, 1155, 1157, 1158, 1159, 1160, 1162, 1163, 1164, 1166, 1168, 1172, 1173, 1174, 1175, 1176, 1177, 1179, 1180, 1181, 1183, 1184, 1185, 1186, 1187, 1189, 1190, 1192, 1193, 1194, 1195, 1196, 1198, 1199, 1200, 1201, 1202, 1203, 1204, 1208, 1210, 1211, 1212, 1213, 1214, 1215, 1217, 1218, 1219, 1220, 1221, 1223, 1224, 1228, 1229, 1230, 1231, 1232, 1234, 1235, 1236, 1238, 1239, 1240, 1241, 1242, 1243, 1245, 1246, 1247, 1249, 1250, 1251, 1252, 1254, 1255, 1256, 1257, 1259, 1260, 1261, 1264, 1265, 1266, 1267, 1270, 1271, 1273, 1275, 1276, 1278, 1279, 1280, 1282, 1283, 1284, 1285, 1286, 1288, 1290, 1293, 1294, 1295, 1296, 1298, 1299, 1300, 1301, 1302, 1303, 1305, 1306, 1307, 1308, 1310, 1311, 1312, 1314, 1315, 1317, 1318, 1320, 1321, 1323, 1325, 1326, 1329, 1330, 1332, 1334, 1339, 1341, 1342, 1343, 1344, 1345, 1347, 1351, 1352, 1353, 1354, 1355, 1356, 1358, 1359, 1360, 1362, 1363, 1364, 1365, 1366, 1368, 1369, 1370, 1371, 1373, 1374, 1375, 1377, 1378, 1379, 1381, 1382, 1383, 1384, 1385, 1386, 1387, 1388, 1389, 1390, 1391, 1394, 1395, 1397, 1398, 1399, 1400, 1402, 1403, 1407, 1410, 1411, 1414, 1415, 1416, 1420, 1421, 1422, 1424, 1425, 1426, 1429, 1430, 1431, 1433, 1434, 1436, 1438, 1439, 1440, 1442, 1443, 1444, 1446, 1447, 1452, 1453, 1455, 1456, 1457, 1459, 1460, 1461, 1462, 1463, 1467, 1468, 1469, 1471, 1472, 1473, 1474, 1475, 1476, 1477, 1478, 1479, 1481, 1482, 1483, 1484, 1485, 1486, 1487, 1489, 1490, 1492, 1494, 1496, 1498, 1499, 1500, 1503, 1504, 1506, 1507, 1508, 1510, 1511, 1512, 1513, 1517, 1519, 1520, 1521, 1523, 1525, 1526, 1527, 1528, 1531, 1532, 1533, 1534, 1536, 1538, 1539, 1540, 1542, 1543, 1544, 1545, 1546, 1550, 1551, 1552, 1553, 1555, 1556, 1557, 1558, 1560, 1561, 1563, 1565, 1570, 1572, 1574, 1575, 1578, 1580, 1581, 1582, 1583, 1584, 1585, 1587, 1588, 1589, 1590, 1592, 1593, 1594, 1595, 1599, 1601, 1604, 1605, 1606, 1607, 1611, 1612, 1614, 1616, 1617, 1618, 1620, 1621, 1622, 1623, 1624, 1625, 1626, 1628, 1629, 1631, 1632, 1634, 1637, 1638, 1640, 1641, 1648, 1649, 1650, 1655, 1656, 1657, 1658, 1659, 1660, 1661, 1662, 1663, 1664, 1665, 1666, 1669, 1671, 1672, 1673, 1675, 1676, 1678, 1679, 1680, 1684, 1685, 1686, 1688, 1689, 1690, 1691, 1693, 1694, 1695, 1697, 1700, 1703, 1705, 1706, 1707, 1709, 1710, 1715, 1716, 1717, 1719, 1720, 1722, 1723, 1724, 1725, 1726, 1728, 1729, 1730, 1731, 1733, 1734, 1735, 1736, 1737, 1738, 1739, 1741, 1742, 1743, 1744, 1745, 1747, 1749, 1750, 1751, 1753, 1754, 1760, 1762, 1763, 1764, 1765, 1766, 1767, 1770, 1772, 1774, 1775, 1776, 1779, 1780, 1781, 1782, 1784, 1785, 1786, 1787, 1788, 1790, 1791, 1792, 1793, 1795, 1797, 1798, 1799, 1800, 1801, 1802, 1804, 1805, 1806, 1808, 1809, 1811, 1813, 1815, 1816, 1821, 1822, 1823, 1824, 1825, 1826, 1828, 1829, 1830, 1831, 1832, 1834, 1835, 1836, 1837, 1838, 1841, 1842, 1843, 1844, 1845, 1846, 1849, 1850, 1851, 1852, 1857, 1858, 1861, 1862, 1864, 1865, 1867, 1869, 1870, 1874, 1875, 1877, 1878, 1879, 1880, 1881, 1882, 1883, 1884, 1886, 1888, 1889, 1891, 1894, 1895, 1898, 1900, 1902, 1903, 1904, 1905, 1906, 1907, 1908, 1909, 1910, 1911, 1913, 1915, 1916, 1920, 1922, 1923, 1924, 1926, 1928, 1929, 1930, 1931, 1932, 1933, 1934, 1937, 1939, 1940, 1941, 1942, 1944, 1945, 1947, 1948, 1952, 1953, 1954, 1956, 1961, 1964, 1965, 1967, 1968, 1969, 1973, 1977, 1979, 1981, 1982, 1983, 1986, 1987, 1988, 1989, 1990, 1991, 1992, 1993, 1995, 1997, 1999]","['Lypla1-', 'Crym-', 'Ifitm3-']",4
4,Bst2_Crym_Ifitm3,000,0.024496166357236716,0.09672741816908993,0.8620764302361951,"[0, 1, 2, 3, 4, 5, 6, 7, 8, 9, 11, 12, 13, 14, 15, 16, 18, 19, 20, 21, 23, 24, 25, 26, 27, 28, 30, 31, 32, 34, 35, 36, 38, 39, 40, 41, 42, 43, 44, 45, 46, 47, 49, 50, 51, 52, 54, 55, 56, 57, 58, 59, 60, 61, 62, 63, 64, 66, 67, 68, 69, 70, 71, 72, 73, 74, 75, 77, 78, 79, 80, 81, 85, 86, 87, 88, 89, 90, 91, 92, 93, 94, 95, 96, 98, 99, 100, 101, 102, 103, 104, 105, 106, 109, 110, 111, 112, 113, 114, 115, 116, 118, 119, 120, 121, 122, 123, 125, 126, 127, 128, 130, 131, 132, 133, 134, 135, 136, 137, 138, 139, 140, 141, 142, 143, 144, 145, 148, 149, 150, 151, 152, 153, 154, 155, 156, 157, 158, 159, 161, 162, 163, 164, 166, 167, 168, 169, 170, 171, 174, 175, 176, 177, 178, 179, 180, 181, 182, 183, 184, 185, 186, 187, 188, 189, 190, 191, 195, 196, 197, 198, 199, 201, 203, 204, 205, 206, 207, 208, 209, 210, 211, 214, 215, 216, 217, 218, 219, 222, 224, 226, 227, 228, 229, 230, 232, 233, 234, 235, 236, 237, 238, 241, 242, 243, 244, 245, 246, 247, 248, 249, 250, 251, 252, 253, 255, 256, 257, 258, 259, 260, 262, 263, 264, 265, 266, 267, 268, 269, 270, 271, 272, 273, 275, 279, 280, 281, 283, 284, 285, 286, 287, 288, 289, 291, 292, 293, 294, 295, 296, 297, 298, 299, 300, 301, 302, 303, 304, 305, 306, 307, 308, 309, 310, 312, 313, 314, 318, 319, 320, 321, 322, 323, 324, 325, 326, 328, 329, 330, 331, 332, 333, 336, 337, 338, 339, 340, 341, 343, 344, 348, 349, 350, 351, 352, 353, 354, 355, 356, 357, 358, 359, 360, 362, 363, 364, 365, 366, 367, 368, 369, 370, 371, 373, 374, 375, 376, 377, 378, 379, 380, 381, 382, 384, 386, 387, 389, 391, 392, 393, 394, 395, 397, 398, 400, 401, 402, 403, 405, 407, 408, 409, 412, 413, 414, 415, 418, 419, 423, 425, 426, 427, 428, 429, 430, 431, 433, 437, 438, 440, 441, 442, 443, 444, 445, 446, 448, 450, 451, 452, 453, 454, 455, 456, 457, 458, 459, 460, 462, 463, 464, 465, 466, 467, 469, 470, 472, 473, 474, 475, 476, 477, 478, 479, 481, 482, 483, 484, 485, 487, 488, 489, 490, 491, 492, 493, 494, 495, 496, 497, 498, 499, 500, 501, 502, 503, 504, 505, 508, 509, 510, 511, 512, 513, 514, 515, 518, 519, 520, 521, 522, 523, 524, 526, 527, 528, 529, 530, 531, 533, 534, 535, 536, 537, 538, 540, 541, 542, 543, 544, 545, 546, 547, 548, 550, 552, 554, 555, 556, 558, 560, 561, 562, 563, 564, 566, 567, 568, 569, 570, 571, 572, 573, 574, 575, 576, 577, 578, 579, 580, 582, 583, 584, 585, 586, 587, 588, 589, 590, 591, 592, 593, 594, 595, 596, 598, 599, 600, 601, 602, 603, 604, 606, 608, 609, 611, 612, 613, 614, 615, 616, 617, 618, 619, 620, 621, 622, 623, 625, 626, 628, 630, 633, 637, 638, 640, 641, 642, 643, 645, 646, 647, 648, 649, 650, 651, 652, 653, 655, 656, 657, 658, 659, 660, 661, 662, 663, 664, 665, 666, 669, 670, 672, 673, 674, 675, 676, 677, 678, 680, 681, 682, 684, 685, 686, 687, 688, 689, 690, 691, 692, 694, 697, 698, 699, 700, 701, 702, 703, 704, 705, 706, 707, 708, 710, 711, 712, 713, 714, 716, 718, 719, 720, 721, 723, 724, 725, 726, 727, 728, 730, 732, 734, 735, 736, 737, 738, 739, 740, 741, 742, 743, 744, 745, 746, 747, 748, 749, 751, 752, 755, 756, 757, 758, 759, 760, 761, 762, 763, 764, 765, 766, 768, 769, 770, 771, 773, 774, 775, 776, 777, 778, 780, 781, 783, 784, 786, 787, 788, 790, 791, 792, 793, 794, 795, 796, 798, 799, 800, 801, 802, 803, 805, 806, 807, 808, 810, 811, 812, 813, 815, 816, 817, 819, 820, 822, 823, 824, 825, 826, 827, 828, 829, 830, 831, 832, 833, 834, 837, 838, 841, 842, 843, 844, 845, 846, 847, 848, 849, 850, 851, 852, 853, 856, 857, 858, 859, 860, 861, 862, 863, 864, 865, 866, 867, 868, 869, 870, 871, 872, 873, 875, 876, 877, 878, 880, 881, 882, 883, 884, 885, 886, 887, 889, 891, 892, 893, 894, 895, 896, 897, 898, 899, 900, 902, 903, 904, 905, 906, 907, 908, 909, 910, 911, 912, 913, 914, 916, 917, 918, 920, 921, 922, 923, 924, 925, 926, 928, 929, 930, 931, 932, 934, 935, 936, 937, 938, 939, 940, 941, 942, 943, 945, 946, 947, 948, 949, 950, 951, 952, 953, 954, 955, 956, 957, 958, 959, 961, 962, 963, 964, 965, 966, 968, 969, 970, 971, 972, 973, 974, 975, 978, 981, 982, 984, 985, 986, 987, 988, 990, 991, 994, 995, 997, 998, 999, 1001, 1002, 1004, 1005, 1006, 1007, 1008, 1009, 1010, 1011, 1014, 1015, 1017, 1019, 1020, 1021, 1022, 1023, 1024, 1025, 1026, 1028, 1029, 1030, 1031, 1032, 1033, 1034, 1035, 1036, 1037, 1038, 1039, 1041, 1042, 1044, 1045, 1046, 1047, 1048, 1049, 1050, 1051, 1052, 1054, 1055, 1056, 1058, 1059, 1060, 1061, 1062, 1063, 1065, 1066, 1067, 1068, 1069, 1070, 1071, 1072, 1075, 1076, 1077, 1079, 1080, 1081, 1084, 1085, 1086, 1087, 1088, 1090, 1092, 1093, 1094, 1095, 1096, 1097, 1099, 1100, 1101, 1102, 1103, 1105, 1106, 1107, 1108, 1110, 1111, 1112, 1113, 1114, 1115, 1116, 1117, 1119, 1120, 1121, 1122, 1123, 1124, 1126, 1127, 1128, 1130, 1131, 1132, 1133, 1135, 1136, 1137, 1138, 1139, 1140, 1141, 1142, 1143, 1144, 1145, 1148, 1149, 1150, 1151, 1152, 1153, 1154, 1155, 1156, 1157, 1158, 1159, 1160, 1162, 1163, 1164, 1165, 1166, 1168, 1169, 1171, 1172, 1173, 1174, 1175, 1176, 1177, 1179, 1180, 1181, 1182, 1184, 1185, 1186, 1187, 1189, 1190, 1192, 1193, 1194, 1195, 1196, 1198, 1199, 1200, 1201, 1202, 1203, 1204, 1205, 1206, 1208, 1210, 1211, 1212, 1213, 1214, 1215, 1217, 1218, 1219, 1220, 1221, 1222, 1223, 1224, 1226, 1228, 1229, 1230, 1231, 1232, 1234, 1235, 1236, 1238, 1239, 1240, 1241, 1242, 1243, 1245, 1246, 1247, 1249, 1250, 1251, 1252, 1253, 1254, 1255, 1256, 1257, 1258, 1259, 1260, 1261, 1262, 1264, 1265, 1266, 1267, 1268, 1269, 1270, 1271, 1273, 1274, 1275, 1276, 1277, 1278, 1279, 1280, 1281, 1282, 1283, 1284, 1285, 1286, 1287, 1288, 1290, 1291, 1292, 1293, 1294, 1295, 1296, 1298, 1299, 1300, 1301, 1302, 1303, 1304, 1305, 1306, 1307, 1308, 1309, 1310, 1311, 1312, 1314, 1315, 1317, 1318, 1320, 1321, 1323, 1324, 1325, 1326, 1327, 1329, 1330, 1331, 1332, 1334, 1335, 1338, 1339, 1340, 1341, 1342, 1343, 1344, 1345, 1346, 1347, 1349, 1351, 1352, 1353, 1354, 1355, 1356, 1357, 1358, 1359, 1360, 1362, 1363, 1364, 1365, 1366, 1368, 1369, 1370, 1371, 1373, 1374, 1375, 1377, 1378, 1380, 1382, 1383, 1384, 1385, 1386, 1387, 1388, 1389, 1390, 1391, 1394, 1395, 1396, 1397, 1398, 1399, 1400, 1402, 1403, 1404, 1405, 1407, 1408, 1410, 1412, 1413, 1414, 1415, 1416, 1420, 1421, 1422, 1423, 1424, 1425, 1426, 1428, 1429, 1430, 1431, 1432, 1433, 1434, 1435, 1436, 1437, 1438, 1439, 1440, 1441, 1442, 1443, 1444, 1446, 1447, 1450, 1451, 1452, 1453, 1455, 1456, 1457, 1459, 1460, 1461, 1462, 1463, 1464, 1465, 1467, 1468, 1469, 1470, 1471, 1472, 1473, 1474, 1475, 1476, 1477, 1478, 1479, 1481, 1482, 1483, 1484, 1485, 1486, 1489, 1490, 1491, 1492, 1494, 1495, 1496, 1497, 1498, 1499, 1500, 1501, 1502, 1503, 1504, 1506, 1507, 1508, 1510, 1511, 1512, 1513, 1516, 1517, 1518, 1519, 1520, 1521, 1523, 1525, 1526, 1527, 1528, 1531, 1532, 1533, 1534, 1536, 1537, 1538, 1539, 1540, 1541, 1542, 1543, 1544, 1545, 1546, 1547, 1548, 1550, 1551, 1552, 1553, 1554, 1555, 1556, 1557, 1558, 1560, 1561, 1562, 1563, 1565, 1566, 1569, 1570, 1571, 1572, 1574, 1575, 1576, 1578, 1580, 1581, 1582, 1583, 1584, 1585, 1587, 1588, 1589, 1590, 1592, 1593, 1594, 1595, 1597, 1598, 1599, 1600, 1603, 1604, 1605, 1606, 1607, 1608, 1611, 1612, 1613, 1614, 1615, 1616, 1617, 1618, 1619, 1620, 1621, 1622, 1623, 1624, 1625, 1626, 1628, 1629, 1631, 1632, 1633, 1634, 1637, 1638, 1639, 1640, 1641, 1643, 1645, 1647, 1648, 1649, 1650, 1652, 1653, 1654, 1655, 1656, 1657, 1658, 1659, 1660, 1661, 1662, 1663, 1664, 1665, 1666, 1667, 1669, 1670, 1671, 1672, 1673, 1675, 1676, 1678, 1679, 1680, 1681, 1684, 1685, 1686, 1688, 1689, 1690, 1691, 1692, 1693, 1694, 1695, 1697, 1699, 1700, 1701, 1703, 1705, 1706, 1707, 1709, 1710, 1711, 1714, 1715, 1716, 1717, 1718, 1719, 1720, 1721, 1722, 1723, 1724, 1725, 1726, 1728, 1729, 1730, 1731, 1732, 1733, 1734, 1735, 1736, 1737, 1738, 1739, 1741, 1742, 1743, 1744, 1745, 1747, 1748, 1749, 1750, 1751, 1752, 1754, 1757, 1760, 1762, 1763, 1764, 1765, 1766, 1767, 1770, 1772, 1773, 1774, 1775, 1776, 1777, 1778, 1779, 1780, 1781, 1782, 1783, 1784, 1785, 1786, 1787, 1788, 1790, 1791, 1792, 1793, 1794, 1795, 1796, 1797, 1798, 1799, 1800, 1801, 1802, 1804, 1805, 1806, 1808, 1809, 1811, 1812, 1813, 1815, 1816, 1817, 1818, 1819, 1820, 1821, 1822, 1823, 1824, 1825, 1826, 1828, 1829, 1830, 1831, 1832, 1834, 1835, 1836, 1837, 1838, 1839, 1841, 1842, 1843, 1844, 1845, 1846, 1849, 1850, 1851, 1852, 1857, 1858, 1859, 1860, 1861, 1862, 1864, 1865, 1866, 1867, 1868, 1869, 1870, 1874, 1875, 1877, 1878, 1879, 1880, 1881, 1882, 1883, 1884, 1885, 1886, 1887, 1888, 1889, 1890, 1891, 1892, 1893, 1894, 1895, 1896, 1898, 1900, 1901, 1902, 1903, 1904, 1905, 1906, 1907, 1908, 1909, 1910, 1911, 1913, 1915, 1916, 1917, 1918, 1919, 1920, 1921, 1922, 1923, 1924, 1926, 1928, 1929, 1930, 1931, 1932, 1933, 1934, 1935, 1936, 1937, 1939, 1940, 1941, 1942, 1943, 1944, 1945, 1947, 1948, 1950, 1951, 1952, 1953, 1954, 1955, 1956, 1957, 1958, 1960, 1961, 1962, 1963, 1964, 1965, 1966, 1967, 1968, 1969, 1972, 1973, 1974, 1975, 1976, 1977, 1981, 1982, 1983, 1984, 1985, 1986, 1987, 1988, 1989, 1990, 1991, 1992, 1993, 1995, 1996, 1997, 1998, 1999]","['Bst2-', 'Crym-', 'Ifitm3-']",4
52,Isg15_Bst2_Hba-a2_Ifitm3,0000,0.028050400178122617,0.09839708822333589,0.8620764302361951,"[0, 1, 4, 5, 6, 7, 8, 9, 10, 11, 13, 15, 16, 18, 19, 20, 21, 23, 24, 25, 26, 27, 28, 30, 31, 32, 34, 35, 36, 38, 39, 40, 41, 43, 44, 45, 46, 47, 49, 50, 51, 52, 54, 55, 56, 57, 58, 59, 60, 61, 62, 63, 64, 66, 67, 68, 69, 70, 72, 73, 74, 75, 77, 78, 79, 80, 81, 82, 85, 86, 87, 88, 89, 90, 91, 92, 93, 94, 95, 96, 98, 99, 100, 101, 102, 103, 104, 105, 106, 110, 111, 112, 113, 114, 115, 116, 118, 119, 120, 121, 123, 125, 126, 127, 128, 129, 130, 131, 132, 133, 135, 136, 137, 138, 139, 140, 141, 142, 144, 148, 150, 153, 154, 156, 158, 159, 162, 163, 164, 166, 167, 168, 169, 170, 172, 174, 175, 178, 179, 180, 181, 184, 186, 187, 188, 189, 190, 191, 195, 197, 198, 199, 204, 205, 206, 209, 210, 211, 215, 216, 219, 222, 223, 226, 227, 228, 229, 230, 232, 233, 234, 235, 236, 237, 238, 240, 241, 242, 243, 244, 246, 247, 248, 249, 250, 251, 252, 253, 255, 256, 257, 258, 259, 261, 262, 263, 264, 265, 266, 268, 269, 270, 271, 272, 273, 275, 276, 280, 281, 283, 284, 286, 287, 288, 289, 291, 292, 293, 294, 295, 296, 297, 298, 299, 300, 301, 302, 303, 304, 305, 306, 307, 308, 309, 310, 313, 314, 318, 319, 320, 321, 322, 323, 324, 325, 328, 331, 332, 333, 336, 337, 338, 339, 340, 341, 343, 344, 349, 350, 351, 352, 354, 355, 356, 357, 359, 360, 362, 363, 364, 365, 366, 367, 368, 369, 370, 371, 373, 374, 375, 377, 378, 379, 380, 381, 382, 386, 387, 389, 391, 392, 393, 394, 395, 398, 400, 401, 402, 405, 407, 408, 409, 412, 413, 414, 415, 417, 418, 419, 420, 423, 425, 426, 427, 428, 429, 430, 431, 433, 437, 438, 439, 440, 442, 443, 444, 445, 446, 448, 450, 451, 452, 453, 455, 456, 457, 458, 459, 460, 462, 465, 466, 469, 470, 472, 473, 476, 477, 478, 479, 480, 481, 482, 483, 484, 485, 487, 488, 489, 490, 491, 493, 494, 495, 496, 497, 498, 500, 501, 502, 503, 504, 505, 508, 510, 511, 512, 513, 518, 519, 520, 521, 522, 523, 524, 525, 526, 527, 528, 529, 530, 533, 534, 535, 536, 537, 538, 541, 543, 545, 546, 547, 548, 550, 552, 554, 555, 556, 558, 560, 561, 562, 563, 564, 566, 567, 568, 569, 570, 571, 572, 573, 574, 575, 576, 577, 578, 579, 580, 582, 583, 584, 585, 586, 587, 588, 589, 590, 592, 593, 594, 595, 596, 600, 601, 602, 606, 608, 611, 612, 613, 614, 615, 616, 617, 618, 619, 620, 621, 623, 628, 633, 634, 637, 638, 640, 641, 642, 643, 645, 646, 647, 648, 649, 650, 652, 653, 655, 657, 658, 659, 660, 661, 662, 663, 664, 666, 669, 670, 672, 673, 674, 675, 676, 677, 678, 680, 682, 684, 685, 686, 688, 689, 690, 691, 692, 697, 698, 700, 701, 702, 703, 704, 705, 707, 708, 710, 711, 712, 713, 714, 716, 718, 720, 721, 723, 724, 725, 726, 727, 728, 730, 732, 734, 736, 737, 738, 739, 740, 741, 742, 743, 744, 745, 748, 749, 751, 755, 756, 757, 758, 759, 760, 761, 762, 764, 765, 766, 768, 769, 770, 773, 774, 775, 776, 777, 780, 781, 783, 784, 786, 787, 788, 791, 792, 793, 794, 796, 798, 799, 800, 802, 803, 805, 806, 807, 808, 811, 812, 813, 815, 816, 819, 820, 822, 823, 825, 828, 829, 830, 831, 832, 834, 835, 837, 838, 841, 842, 843, 844, 845, 846, 847, 848, 849, 850, 851, 852, 853, 856, 857, 858, 859, 860, 861, 862, 863, 864, 868, 870, 873, 875, 876, 877, 878, 880, 881, 883, 885, 886, 887, 889, 891, 892, 893, 894, 895, 896, 897, 898, 899, 900, 902, 904, 905, 907, 908, 909, 911, 912, 913, 914, 916, 918, 920, 921, 922, 924, 925, 926, 928, 929, 930, 931, 932, 935, 936, 937, 939, 940, 941, 942, 945, 946, 948, 949, 950, 951, 952, 953, 955, 956, 957, 958, 961, 962, 963, 964, 965, 966, 968, 969, 970, 971, 972, 974, 976, 977, 978, 981, 982, 984, 985, 986, 987, 988, 990, 992, 994, 995, 997, 998, 999, 1001, 1002, 1004, 1005, 1007, 1008, 1009, 1010, 1014, 1015, 1017, 1019, 1020, 1021, 1022, 1023, 1024, 1025, 1026, 1028, 1029, 1030, 1031, 1032, 1033, 1034, 1035, 1037, 1038, 1039, 1041, 1042, 1044, 1045, 1046, 1048, 1049, 1051, 1052, 1054, 1055, 1056, 1058, 1059, 1060, 1061, 1062, 1063, 1064, 1065, 1066, 1067, 1068, 1069, 1070, 1072, 1073, 1074, 1075, 1076, 1077, 1081, 1084, 1085, 1088, 1090, 1092, 1093, 1094, 1095, 1097, 1099, 1101, 1102, 1103, 1105, 1106, 1107, 1108, 1110, 1111, 1112, 1113, 1114, 1116, 1118, 1120, 1121, 1122, 1123, 1124, 1126, 1127, 1128, 1130, 1132, 1133, 1135, 1136, 1137, 1138, 1139, 1140, 1141, 1143, 1144, 1145, 1148, 1149, 1150, 1151, 1152, 1153, 1156, 1157, 1158, 1160, 1162, 1163, 1166, 1168, 1172, 1173, 1174, 1176, 1177, 1179, 1180, 1181, 1182, 1184, 1185, 1186, 1187, 1189, 1190, 1192, 1193, 1194, 1196, 1198, 1199, 1200, 1201, 1202, 1203, 1204, 1208, 1210, 1212, 1213, 1214, 1217, 1219, 1220, 1221, 1222, 1223, 1224, 1226, 1228, 1229, 1230, 1231, 1232, 1234, 1235, 1236, 1237, 1238, 1239, 1240, 1241, 1242, 1245, 1246, 1247, 1249, 1250, 1251, 1252, 1253, 1254, 1255, 1256, 1258, 1259, 1260, 1261, 1262, 1264, 1265, 1267, 1268, 1269, 1270, 1273, 1274, 1275, 1276, 1278, 1279, 1280, 1281, 1282, 1283, 1285, 1286, 1288, 1290, 1291, 1292, 1293, 1295, 1296, 1298, 1299, 1300, 1301, 1302, 1303, 1305, 1306, 1307, 1309, 1310, 1311, 1312, 1314, 1315, 1317, 1318, 1320, 1321, 1323, 1324, 1325, 1326, 1327, 1329, 1331, 1334, 1335, 1338, 1339, 1340, 1341, 1342, 1343, 1344, 1345, 1347, 1349, 1351, 1352, 1353, 1354, 1355, 1356, 1357, 1358, 1360, 1362, 1363, 1365, 1366, 1368, 1369, 1370, 1371, 1373, 1375, 1377, 1378, 1380, 1382, 1383, 1384, 1385, 1386, 1387, 1388, 1389, 1390, 1391, 1394, 1395, 1396, 1397, 1398, 1400, 1402, 1403, 1404, 1407, 1408, 1412, 1413, 1414, 1415, 1416, 1420, 1421, 1422, 1423, 1424, 1425, 1426, 1428, 1429, 1430, 1431, 1432, 1434, 1435, 1436, 1437, 1438, 1439, 1440, 1441, 1442, 1444, 1446, 1447, 1451, 1452, 1453, 1455, 1456, 1457, 1459, 1460, 1461, 1462, 1464, 1465, 1467, 1468, 1469, 1470, 1471, 1472, 1473, 1474, 1475, 1476, 1477, 1479, 1481, 1482, 1483, 1484, 1485, 1488, 1489, 1490, 1491, 1492, 1494, 1495, 1496, 1497, 1501, 1502, 1503, 1506, 1507, 1512, 1513, 1516, 1517, 1518, 1520, 1521, 1523, 1525, 1526, 1527, 1528, 1530, 1531, 1533, 1534, 1536, 1537, 1538, 1539, 1540, 1541, 1542, 1543, 1544, 1547, 1548, 1551, 1552, 1553, 1554, 1557, 1558, 1560, 1562, 1563, 1564, 1565, 1566, 1569, 1570, 1571, 1572, 1574, 1575, 1576, 1578, 1580, 1582, 1583, 1584, 1585, 1587, 1588, 1590, 1592, 1593, 1594, 1595, 1597, 1598, 1599, 1600, 1603, 1604, 1605, 1606, 1607, 1608, 1611, 1612, 1613, 1614, 1616, 1617, 1619, 1622, 1623, 1624, 1625, 1626, 1628, 1629, 1632, 1633, 1634, 1637, 1638, 1639, 1640, 1641, 1642, 1643, 1645, 1647, 1648, 1649, 1650, 1652, 1653, 1655, 1656, 1657, 1658, 1659, 1660, 1661, 1662, 1663, 1664, 1665, 1666, 1667, 1670, 1671, 1672, 1673, 1675, 1679, 1680, 1681, 1684, 1685, 1686, 1688, 1689, 1690, 1691, 1692, 1697, 1699, 1700, 1701, 1703, 1705, 1706, 1707, 1709, 1711, 1714, 1715, 1716, 1717, 1718, 1719, 1720, 1722, 1723, 1724, 1725, 1728, 1730, 1731, 1732, 1733, 1734, 1735, 1736, 1737, 1738, 1739, 1741, 1742, 1743, 1744, 1745, 1747, 1748, 1749, 1752, 1754, 1757, 1760, 1762, 1763, 1764, 1765, 1766, 1767, 1769, 1770, 1772, 1773, 1774, 1775, 1777, 1778, 1779, 1781, 1782, 1783, 1784, 1785, 1786, 1788, 1791, 1793, 1794, 1795, 1796, 1797, 1798, 1799, 1800, 1802, 1804, 1805, 1807, 1808, 1809, 1811, 1813, 1815, 1816, 1817, 1818, 1819, 1820, 1821, 1822, 1823, 1824, 1825, 1826, 1827, 1828, 1829, 1831, 1832, 1834, 1835, 1836, 1837, 1838, 1841, 1842, 1843, 1844, 1845, 1846, 1847, 1850, 1851, 1852, 1857, 1858, 1859, 1860, 1861, 1862, 1864, 1865, 1867, 1868, 1869, 1874, 1875, 1877, 1878, 1879, 1880, 1881, 1882, 1883, 1885, 1886, 1888, 1889, 1890, 1892, 1893, 1894, 1895, 1896, 1898, 1900, 1901, 1902, 1903, 1905, 1906, 1907, 1908, 1910, 1913, 1915, 1916, 1918, 1919, 1920, 1922, 1924, 1925, 1926, 1928, 1929, 1930, 1931, 1932, 1933, 1934, 1935, 1936, 1937, 1939, 1940, 1941, 1942, 1943, 1944, 1945, 1947, 1948, 1950, 1951, 1952, 1953, 1954, 1955, 1956, 1957, 1960, 1961, 1962, 1963, 1964, 1965, 1966, 1967, 1968, 1969, 1972, 1973, 1974, 1975, 1977, 1982, 1983, 1985, 1986, 1987, 1988, 1989, 1990, 1992, 1993, 1995, 1996, 1997, 1998, 1999]","['Isg15-', 'Bst2-', 'Hba-a2-', 'Ifitm3-']",4
43,Isg15_Hba-a2_Ifitm3,011,0.2874596776966088,0.10464115764277249,0.8905881920519185,"[22, 65, 124, 220, 274, 278, 290, 334, 372, 410, 422, 449, 461, 468, 486, 507, 557, 559, 624, 717, 733, 754, 782, 789, 797, 996, 1016, 1078, 1134, 1248, 1316, 1418, 1448, 1480, 1602, 1609, 1677, 1698, 1708, 1746, 1755, 1803, 1840, 1854, 1872, 1899, 1912, 1946, 1970, 1980]","['Isg15-', 'Hba-a2+', 'Ifitm3+']",5
